voltage,current,temperature,current_charge,voltage_charge,charge_time
0.7625973695950888,-0.0026866045635833466,23.084845588144287,-0.0006,0.002,0.0
0.002931709876883153,-0.0027759348526131666,23.087421326484346,0.0,0.002,2.5469999999999997
4.986820768564911,-0.003090531979739471,23.089221091843275,-0.0006,4.998,5.499999999999999
4.987179956544669,-0.0010841130789506364,23.085037046341203,-0.0006,4.998,8.312000000000001
4.207838060215674,-0.0018709075583360061,23.09308259938123,-0.0006,4.225,12.656000000000002
