voltage,current,temperature,current_charge,voltage_charge,charge_time
0.9796499614355424,-0.005157289032680363,22.984433156049665,0.0,-0.007,0.0
-0.0014221565384104913,-0.0013258978683774103,22.98409947535817,-0.001,-0.007,2.5469999999999997
4.985088936434147,0.0002033150595317849,22.986148026206095,0.0,4.996,5.499999999999999
4.985345277460334,0.0003294256124374773,22.994624737077395,-0.001,4.996,8.312000000000001
4.186010420829398,-0.0010624480271055798,22.990676799444575,-0.001,4.192,12.656000000000002
